deviceId,lat,lon,location
1866866513,25.043571,121.10716399999998,4
1871455096,25.055157,121.12855900000001,4
1862588993,25.045682,121.109669,4
1863599885,25.043782,121.140252,4
8959673007,25.095482999999998,121.271628,4
8959504634,25.097542999999998,121.2691104,4
8957553618,25.092909,121.27728059999998,4
8949336493,25.113823999999997,121.26565749999999,4
8951950511,25.098998,121.2625011,4
8958941098,25.106473,121.25962369999999,4
8947277666,25.117248,121.2605251,4
8955418221,25.093319,121.2735942,4
8947706708,25.107756,121.2719011,4
8947178756,25.106465,121.27275390000001,4
8957873985,25.10584,121.25854170000001,4
8948929952,25.108191,121.2577213,4
8950150997,25.116754999999998,121.25973119999999,4
8947480150,25.103852,121.267885,4
8959033130,25.102314,121.2657131,4
8952281782,25.09485,121.2648662,4
8950232218,25.104104,121.26952450000002,4
8948538270,25.107599,121.2627499,4
8958750302,25.103725,121.26416359999999,4
8952339000,25.093124,121.268002,4
8949675345,25.112636,121.26666979999999,4
8948025470,25.110674,121.2681665,4
8961133961,25.095609,121.26549820000001,4
8955306508,25.100737,121.2744503,4
8959994786,25.102930999999998,121.2629059,4
8948169648,25.107152,121.274192,4
8951651223,25.094109,121.26584979999998,4
8947824088,25.106235,121.2653504,4
8958875478,25.096358,121.26667490000001,4
8952589907,25.095106,121.26470929999999,4
8951224788,25.091686,121.272101,4
8952436796,25.105261,121.25811409999999,4
8949536889,25.110882,121.25465890000001,4
8946330595,25.109531,121.26900630000002,4
8952138221,25.104298999999997,121.2587946,4
8947324161,25.104665,121.2669973,4
8947072773,25.113004999999998,121.2618078,4
8948675056,25.113887,121.2633513,4
8958263682,25.101775,121.2673436,4
8951397684,25.108755,121.25581890000001,4
8956142618,25.097497,121.27377340000001,4
8957766884,25.1033,121.26489879999998,4
8950940237,25.097588000000002,121.2631943,4
8949878559,25.116046,121.2601003,4
8960117178,25.105587,121.26600800000001,4
8949958193,25.114033,121.26862479999998,4
8946984872,25.11597,121.26405109999999,4
8959348895,25.0933,121.27021459999999,4
8958547898,25.100877,121.26258270000001,4
8951479271,25.103289,121.2595627,4
8951157873,25.105847,121.257705,4
8958004025,25.101091,121.26408470000001,4
8951567746,25.095835,121.26410249999999,4
8952063376,25.091957999999998,121.2699761,4
8951020347,25.099663,121.2619507,4
8956587968,25.102738000000002,121.26882250000001,4
8959727370,25.090832000000002,121.2772108,4
8959185595,25.101271,121.25914009999998,4
8956234775,25.092092,121.27397649999999,4
8956841189,25.089508,121.2768348,4
8946178713,25.108349,121.2699619,4
8959236619,25.101489,121.265694,4
8955898010,25.099507,121.27517569999999,4
8957403568,25.0981,121.2737692,4
8955246713,25.098038,121.27573229999999,4
8958143865,25.094096,121.2690835,4
8956054407,25.094606,121.2735688,4
8949496754,25.107172,121.26427340000002,4
8949124811,25.108845000000002,121.260434,4
8956680752,25.099346,121.2723739,4
8955678577,25.09574,121.2775007,4
8951769081,25.102352,121.26008999999999,4
8960009674,25.104654999999998,121.2657193,4
8960932741,25.097109,121.26787790000002,4
8948707001,25.105114,121.27275390000001,4
8950439640,25.111814000000003,121.26729399999999,4
8956303298,25.096083,121.2737251,4
8955903170,25.100876,121.27091029999998,4
8947946242,25.112794,121.2705195,4
8951876292,25.090806,121.27404009999998,4
8957938589,25.096595,121.27154479999999,4
8949253515,25.109574,121.2553293,4
8952676806,25.107072,121.25685929999999,4
8949747057,25.110844,121.25895449999999,4
8946677946,25.107708,121.2731723,4
8948230088,25.108625,121.26339920000001,4
8957685114,25.094435,121.2716825,4
8955103287,25.10171,121.27019540000002,4
6798985336,25.039043,121.37385800000001,4
6825443564,25.045191,121.370375,4
6787496109,24.986527,121.32869099999999,4
6802734407,24.982828,121.32823799999998,4
6803632872,25.052342000000003,121.376077,4
9000031096,25.055049,121.38048290000002,4
6814265478,25.046545000000002,121.37213100000001,4
9004203418,25.052873,121.3785004,4
6825751466,25.049183,121.380882,4
6816227189,25.044976000000002,121.37364,4
9004499366,25.06239,121.3695574,4
8999554206,25.053182,121.3814056,4
6836639371,25.040201,121.373485,4
6818261365,25.043210000000002,121.37221299999999,4
6836992266,25.038493,121.373558,4
9000403595,25.057059,121.3804433,4
9003589289,25.062727,121.37552340000002,4
9007580027,25.055837,121.3775261,4
6831046963,25.035097,121.375776,4
6810166354,25.051718,121.376531,4
6800952165,25.049853,121.37398999999999,4
9002024972,25.055395,121.3686138,4
6792475863,25.048151,121.379644,4
6820884981,24.987111,121.32654099999999,4
6838737534,24.984767,121.33023700000001,4
9000562838,25.053354000000002,121.38033929999999,4
6830874355,24.984208,121.328998,4
9009365370,25.051157999999997,121.3804557,4
6828686403,25.054947,121.38115800000001,4
6792966964,25.049281,121.37043700000001,4
6834293075,25.032985999999998,121.378475,4
6805502712,24.987264,121.325001,4
6789646326,25.034292999999998,121.377723,4
6827481735,25.037682999999998,121.376627,4
8999876963,25.052699,121.3723784,4
9000774020,25.055054000000002,121.3736439,4
8999344305,25.05401,121.37994979999999,4
6803153294,24.984916000000002,121.332004,4
9001778287,25.056245999999998,121.3730545,4
9002488856,25.054725,121.3827993,4
6810090185,25.048593,121.375827,4
8999253099,25.056853,121.37326680000001,4
9001995101,25.054297000000002,121.3744932,4
6834143755,25.053301,121.366849,4
6802359849,25.034167999999998,121.379874,4
9002398766,25.056232,121.38252109999999,4
6803273299,24.979645,121.331075,4
6808378629,25.05034,121.38062,4
8999420156,25.052075,121.3809005,4
6786651420,25.047138,121.378548,4
6807032096,24.984348,121.330702,4
6811047684,24.981552,121.33228999999999,4
6817487955,25.045442,121.372079,4
8999615422,25.056852,121.3786882,4
6809174148,25.047826999999998,121.37753799999999,4
6824462187,24.991476000000002,121.32802,4
6813821838,25.043908,121.372055,4
9000954037,25.062039000000002,121.37215719999999,4
6804324760,25.046152,121.37759299999999,4
6812937956,24.986913,121.32364199999999,4
8999706945,25.057016,121.3688676,4
6817831635,25.049205,121.37667900000001,4
6836101593,25.053479,121.37181000000001,4
6832668504,24.980879,121.33066299999999,4
6829354769,25.050885,121.378701,4
9000251941,25.054507,121.37564990000001,4
6786433234,25.035511,121.379075,4
6792883610,24.987664000000002,121.33141100000002,4
6801295086,24.983679000000002,121.328999,4
6786190452,25.029802,121.375077,4
6806112750,25.041714000000002,121.37506200000001,4
9000349420,25.056117999999998,121.3738612,4
9004714219,25.05663,121.37463970000002,4
6838623234,25.041864999999998,121.37048500000002,4
6819749937,24.988863000000002,121.33022700000001,4
6828731819,25.047594,121.37467099999999,4
6823378796,25.042001000000003,121.37355,4
6824567356,25.049903,121.380048,4
6792633087,25.041454,121.37266399999999,4
6809907858,25.053973000000003,121.37552600000001,4
6836066898,25.036970999999998,121.373246,4
6788402018,25.040685999999997,121.371575,4
6850163700,24.988611,121.324817,4
6799897127,25.0447,121.3773,4
6818535843,24.986535999999997,121.322313,4
6837773280,25.043747,121.369867,4
6827346107,24.986971,121.33016,4
6787773850,24.982,121.33001399999999,4
9002191839,25.058182000000002,121.3669763,4
9006901736,25.055066,121.3765803,4
6812361350,24.983526,121.327037,4
6821131379,25.051337,121.372502,4
6808107470,24.988831,121.32896000000001,4
6796329576,25.050082999999997,121.37783700000001,4
6832859995,25.057354999999998,121.372107,4
6837646241,24.989709,121.32883700000001,4
6820620894,24.985192,121.32788000000001,4
9003338867,25.062248,121.377232,4
9003764275,25.059708999999998,121.37887849999998,4
6790088453,24.988689,121.32753400000001,4
6817373025,25.044187,121.37576899999999,4
9009166318,25.059363,121.3719664,4
6807502432,25.039338,121.372258,4
6832090463,25.042855,121.37543799999999,4
9000691662,25.057555999999998,121.38215079999999,4
6838541511,25.03625,121.37574599999999,4
6824633191,25.052634,121.373792,4
9002215259,25.05559,121.37454380000001,4
6815738462,25.048348,121.37359599999999,4
9001608166,25.054591000000002,121.3778774,4
6787157622,25.034114000000002,121.372867,4
6801029968,24.982522,121.32926299999998,4
6798548960,25.047904,121.370072,4
6819492993,24.984318,121.328423,4
6813582833,25.049955999999998,121.37101000000001,4
6798285520,25.051379999999998,121.374619,4
6804416090,25.046575,121.37019199999999,4
6826389098,25.03896,121.375024,4
9003482636,25.061244,121.3784494,4
9006327579,25.050397,121.38168,4
6806582348,24.992563,121.332811,4
8999917102,25.062562,121.3738095,4
9004051674,25.058242,121.3786881,4
9003866690,25.057536,121.37369450000001,4
9001574941,25.062145,121.36659180000001,4
9000142128,25.061281,121.3707121,4
6821683272,25.045442,121.372079,4
6831865317,25.053301,121.374346,4
6836584218,25.050470999999998,121.36445900000001,4
6815071808,25.049406,121.379475,4
6788039912,25.034056,121.37479599999999,4
6827951224,25.058048,121.367048,4
6799240073,24.987607999999998,121.328149,4
6801704910,25.046746,121.374078,4
6833129427,25.043324,121.373553,4
6792177345,24.988007999999997,121.334226,4
6814104483,24.991494,121.32298600000001,4
6785566738,24.867352,121.176032,4
6798699508,24.871872,121.195605,4
6816706371,24.858231,121.202052,4
6786764315,24.886495,121.18577900000001,4
6794235916,24.885617,121.185573,4
8944739706,24.885908999999998,121.21027279999998,4
6829086631,24.886651999999998,121.18781399999999,4
6786379953,24.849345,121.184564,4
6800634586,24.850335,121.194629,4
6799619891,24.838135,121.18714399999999,4
6838093208,24.876966,121.18625800000001,4
6801326933,24.888512,121.185671,4
6809608425,24.840194,121.183044,4
6819889471,24.850979000000002,121.17717900000001,4
6800872093,24.856123999999998,121.1958,4
6827011920,24.872019,121.17548899999998,4
6831789432,24.887888,121.187872,4
6835574701,24.858399,121.194166,4
6806864486,24.88234,121.19441100000002,4
8993131315,24.887266,121.2084943,4
6800792753,24.844503,121.190817,4
6790540865,24.859739,121.19261999999999,4
6794750068,24.879695,121.186925,4
8944348859,24.887004,121.2094355,4
6813671418,24.838310999999997,121.193494,4
8944928134,24.883229,121.2077943,4
6801953322,24.847281,121.185584,4
6835998348,24.878497,121.187269,4
8944263586,24.888738,121.20789180000001,4
8944082725,24.887321,121.20450759999999,4
8944177428,24.888934,121.2106565,4
8945368463,24.885039000000003,121.20459779999999,4
6825809725,24.855868,121.192927,4
8950539339,24.880643,121.20652520000002,4
6806275724,24.855753,121.18625,4
8993972358,24.885862,121.20879380000001,4
6794591720,24.887278,121.188433,4
6832987567,24.868864000000002,121.181747,4
6821069956,24.842841,121.19554,4
8992600980,24.888453,121.20614590000001,4
8948449070,24.887191,121.2104034,4
6806997137,24.853723000000002,121.18418500000001,4
6826683619,24.885531,121.18426799999999,4
8950028298,24.88893,121.20658370000001,4
8944516690,24.889060999999998,121.2052983,4
6821998298,24.884282000000002,121.184716,4
6833785414,24.887933,121.185829,4
8943967054,24.888651,121.209176,4
8992478224,24.885918,121.2070692,4
6813781463,24.857882999999998,121.190549,4
6815150094,24.843944,121.183507,4
6823587035,24.870656,121.177154,4
6798862633,24.843068,121.18968600000001,4
6814389623,24.877441,121.18866399999999,4
6799555325,24.877828,121.188076,4
8993339119,24.886531,121.2060732,4
8946530692,24.883958,121.20985320000001,4
8943724062,24.889383,121.2038987,4
8944608331,24.888556,121.21025290000001,4
6803328390,24.855538,121.19783100000001,4
8945954992,24.889739000000002,121.209534,4
6836384749,24.863104,121.194015,4
8943880589,24.887968,121.20827150000001,4
6800192267,24.884128,121.185826,4
6828503048,24.849369,121.186393,4
8944413459,24.890067000000002,121.20488759999999,4
8945844940,24.89046,121.2122521,4
8992790224,24.887283,121.20699450000001,4
6811406785,24.888519,121.184399,4
6807170244,24.880307000000002,121.18731000000001,4
6838460138,24.846654,121.190676,4
6793069868,24.868887,121.175518,4
6818187550,24.883475,121.187532,4
8994023901,24.888044,121.2070112,4
6792581211,24.853472,121.19741100000002,4
6806045780,24.885629,121.18649199999999,4
6827181973,24.882381,121.187449,4
6822089793,24.842756,121.187976,4
6787083747,24.870488,121.17440500000001,4
6785820021,24.843079,121.18558,4
6803010747,24.885466,121.187583,4
6805207384,24.887597,121.18428300000001,4
6788501890,24.886507,121.184253,4
6817207385,24.884301999999998,121.187408,4
6837535298,24.845045000000002,121.18656299999999,4
8993899592,24.886582999999998,121.2050416,4
6828208034,24.874489999999998,121.195778,4
8950333371,24.890688,121.2062254,4
6833587970,24.852979,121.181606,4
6812229122,24.866451,121.18563300000001,4
6825141137,24.87756,121.186931,4
8945524721,24.885704,121.21167720000001,4
8945047345,24.888444,121.21137709999999,4
6806452483,24.881588,121.187379,4
1873335086,25.06429,121.115147,4
1872832242,25.068341,121.12326100000001,4
8993510114,24.967194,121.27983909999999,4
8934099127,24.964345,121.2786591,4
8933616117,24.963542,121.278729,4
8933549682,24.964026,121.2776876,4
8992861457,24.965528,121.2791006,4
8933888642,24.964907,121.27895990000002,4
8993499948,24.964389,121.2810115,4
8958308435,24.964855,121.2798307,4
8993079714,24.966404999999998,121.2806108,4
8993716423,24.964906,121.2818743,4
8932886029,24.965866000000002,121.27780990000002,4
8993661566,24.964339000000002,121.28018540000001,4
8993226413,24.966271,121.27948049999999,4
8992951084,24.96436,121.2806145,4
8950881254,24.965135,121.2783872,4
8992508173,24.964831,121.2816442,4
6821802292,24.975799,121.32354199999999,4
6794149209,24.987396,121.32101999999999,4
6831118249,24.978793,121.326448,4
6788623774,24.983534,121.32032099999999,4
6822921581,24.987292,121.31796000000001,4
6820387605,24.983538,121.32378200000001,4
6808660779,24.977337,121.32406399999999,4
6818617761,24.982591,121.321184,4
6835663650,24.974918,121.323311,4
6794403353,24.982234,121.32468300000001,4
6828078460,24.980180999999998,121.320328,4
6832398730,24.976844,121.32569,4
6836471486,24.972744,121.31934,4
6808515889,24.97857,121.32184099999999,4
6801591943,24.9818,121.319672,4
6814403588,24.978929,121.31695500000001,4
6833074799,24.977133,121.32272900000001,4
6799902590,24.981714,121.31158899999998,4
6817062075,24.980153,121.328446,4
6826951334,24.978044,121.325222,4
6808826986,24.976146,121.326154,4
6808914473,24.985073999999997,121.321021,4
6824376887,24.974139,121.31501000000002,4
6786546623,24.981182999999998,121.32193799999999,4
6790774344,24.980180999999998,121.320328,4
6816325402,24.986320000000003,121.320522,4
6825516255,24.983291,121.32208600000001,4
6822189121,24.984273,121.321483,4
6832224318,24.987926,121.31540700000001,4
6810618471,24.979509,121.320769,4
6837960075,24.989781,121.31999099999999,4
6789890482,24.979038,121.324097,4
6830619247,24.979626,121.326576,4
6789961111,24.98376,121.31630200000001,4
6831431058,24.981095,121.32543999999999,4
6797514099,24.984734,121.322952,4
6807720467,24.98027,121.32316000000002,4
6838334461,24.98583,121.321968,4
6793570925,25.073883,121.176353,4
6819510321,25.075704,121.192197,4
6820928652,25.075585999999998,121.193754,4
6787983489,25.073273,121.190008,4
6839246865,25.070334,121.19641999999999,4
6786997281,25.084453,121.18906399999999,4
6795328077,25.082729999999998,121.18248799999999,4
6837864080,25.084687,121.194921,4
6823887041,25.075563,121.182822,4
6816648466,25.071935999999997,121.19113999999999,4
6821537082,25.076906,121.17549199999999,4
6797987006,25.078851999999998,121.198499,4
6813930267,25.086719,121.18986899999999,4
6829232287,25.071382,121.17371299999999,4
6791716306,25.072902,121.199252,4
6819630218,25.070934,121.19208200000001,4
6803476634,25.071487,121.17759,4
6834347096,25.066909,121.17870800000001,4
6816102769,25.069245000000002,121.194369,4
6819075633,25.064842000000002,121.1726,4
6791661468,25.078406,121.173383,4
6813180178,25.070489000000002,121.17509199999999,4
6831910270,25.067535999999997,121.174555,4
6797609297,25.072074,121.198342,4
6823140168,25.0722,121.17869499999999,4
6838224819,25.085124,121.19058400000002,4
6823782036,25.070066,121.19296000000001,4
6794873237,25.076741000000002,121.183784,4
6876856151,25.076273,121.186213,4
6798029060,25.077645,121.189673,4
6818928349,25.06431,121.179158,4
6804728215,25.078602,121.18534,4
6828113229,25.074351,121.19366299999999,4
6867454956,25.078379,121.18831599999999,4
6807441584,25.076575,121.191024,4
6825272542,25.06406,121.176572,4
6814668443,25.077419,121.18745600000001,4
6826741482,25.077316,121.17902,4
6817730049,25.069523999999998,121.195421,4
6836857872,25.079946,121.18611499999999,4
6793133639,25.084836,121.19260200000001,4
6839640358,25.073097,121.18075400000001,4
6839885302,25.077128,121.184928,4
6825925374,25.074404,121.20170900000001,4
6786835730,25.068981,121.201563,4
6788381571,25.067544,121.196247,4
6797740852,25.072411,121.172922,4
6795682373,25.067228,121.17997700000001,4
6839548560,25.082375,121.189015,4
6822527600,25.077932999999998,121.193344,4
6827625526,25.076627,121.18178700000001,4
6810214805,25.070069,121.173521,4
6809447259,25.065732,121.178495,4
6796259593,25.066473000000002,121.17628799999999,4
6807382474,25.064248000000003,121.180972,4
6824870843,25.064777,121.177268,4
6829850614,25.066845,121.181898,4
6815927182,25.065601,121.17673899999998,4
6790930696,25.076432999999998,121.19433799999999,4
6824954850,25.081503,121.19155,4
6802135127,25.074044,121.191919,4
6805038337,25.07323,121.19491399999998,4
6785482542,25.07761,121.17698700000001,4
6833904642,25.075353,121.19919499999999,4
6823087205,25.077663,121.1909,4
6834830248,25.081789,121.19576599999999,4
6790191937,25.080238,121.19178799999999,4
6835742115,25.07692,121.172983,4
6828309888,25.074478,121.171986,4
6835319431,25.075378,121.173166,4
6812861021,25.078634,121.196073,4
6826036945,25.072398,121.175191,4
6826143869,25.066114000000002,121.180323,4
6799474883,25.080773999999998,121.18474199999999,4
6820005031,25.074402,121.18891299999999,4
6837125191,25.068457000000002,121.17928799999999,4
6828803430,25.077806,121.186245,4
6816042856,25.070936,121.175995,4
6802615358,25.079254000000002,121.187221,4
6805663086,25.073428,121.175418,4
6821786025,25.079082,121.192617,4
6814596195,25.065696,121.182806,4
6804096410,25.063518,121.17873300000001,4
6795472056,25.073828,121.17333700000002,4
6811907094,25.083636,121.186777,4
6806365888,25.068573,121.175925,4
6805869737,25.072495,121.179778,4
6831516933,25.071926,121.196325,4
6811640365,25.074789000000003,121.17603600000001,4
6797423046,25.075375,121.187527,4
9045281936,24.935444,121.16103259999998,4
8997000955,24.927015,121.17052930000001,4
9054596932,24.922851,121.1730043,4
9004116018,24.924926,121.1762574,4
9007114455,24.923835999999998,121.15131729999999,4
9004985754,24.932260999999997,121.1629472,4
9007030692,24.924626999999997,121.15219740000002,4
9057347891,24.927029,121.1713897,4
9053572119,24.932603,121.17124650000001,4
8998133654,24.925764,121.15913119999999,4
8995749668,24.9262,121.1659759,4
9009232180,24.928128,121.16133049999999,4
8998378744,24.925812,121.15444509999999,4
9044784738,24.925765,121.17033719999999,4
9003680690,24.92993,121.17289380000001,4
8997574535,24.926026,121.1675581,4
8998298282,24.925967,121.15667909999999,4
9044822966,24.936366,121.1641692,4
8998505284,24.920106,121.1710051,4
9027218283,24.924692999999998,121.1667858,4
9026824128,24.928134,121.16804499999999,4
8995990203,24.922772,121.17769270000001,4
9005399125,24.927805,121.1643862,4
8997989337,24.928003,121.1634584,4
9005298753,24.934128,121.15929150000001,4
9007619051,24.921747,121.17469679999999,4
9025830346,24.933862,121.16158899999999,4
9051669438,24.929357999999997,121.1718095,4
9053337096,24.937273,121.16553870000001,4
9056164556,24.927895,121.17264640000002,4
9004632099,24.928708,121.1690534,4
8996290019,24.930449,121.1594371,4
9025277708,24.930935,121.1662456,4
9053471038,24.922299,121.1674027,4
8996130658,24.92217,121.17610159999998,4
9051387370,24.924254,121.1728334,4
8996695260,24.92093,121.1712629,4
8996012395,24.930820999999998,121.1608014,4
8996758961,24.925409,121.16129140000001,4
8996491600,24.927210000000002,121.1626855,4
8997750092,24.920070000000003,121.1724561,4
9025006477,24.93119,121.17209369999999,4
9027937824,24.923903,121.16938770000002,4
8997657165,24.92793,121.1655557,4
9004316192,24.921048000000003,121.17251350000001,4
9004805325,24.929064,121.16261000000002,4
8998428877,24.930915,121.16502369999999,4
8996579268,24.926052,121.1754338,4
8995693309,24.931389000000003,121.1620081,4
8997464164,24.929175,121.1649403,4
8996354200,24.930073,121.1639064,4
9005035015,24.922812,121.168829,4
9057480417,24.923412,121.1748602,4
9025949232,24.934199,121.1703023,4
8997250878,24.929924,121.1618115,4
9027357587,24.935639000000002,121.1690149,4
9024696804,24.932351,121.1646511,4
8995885749,24.924711,121.163059,4
9005797201,24.922615,121.1498683,4
8996915686,24.925556,121.1644535,4
8998021222,24.920981,121.16998899999999,4
9026569325,24.930101999999998,121.1672315,4
9051284128,24.927367,121.16947320000001,4
8996805112,24.929135000000002,121.1590504,4
9053697137,24.932914999999998,121.16332859999999,4
8997894256,24.926323,121.16352350000001,4
9007802648,24.933192000000002,121.15780259999998,4
9028240544,24.923367000000002,121.16722730000001,4
9056267533,24.923215,121.17165159999999,4
9054245199,24.92526,121.1742475,4
9003932917,24.927211,121.17443329999999,4
9026740523,24.935892000000003,121.16274920000001,4
8997324839,24.929272,121.16030239999999,4
8997133774,24.928047,121.1619081,4
8934297298,24.982489,121.03822290000001,4
8932507796,24.978220999999998,121.04243770000001,4
8933774810,24.98562,121.03446880000001,4
8934726701,24.987304,121.0409308,4
8934339476,24.981305,121.0370044,4
8943215022,24.979728,121.04539299999999,4
8934634217,24.978658,121.0440895,4
8933145966,24.981299,121.04003770000001,4
8938230728,24.982324,121.04031040000001,4
8933963990,24.979531,121.03927009999998,4
8932717507,24.983783,121.04096609999999,4
8933259173,24.984439000000002,121.03553810000001,4
8934159958,24.978517,121.04058119999999,4
8932987307,24.980455,121.04409479999998,4
8932604856,24.983902,121.03343559999999,4
8934462306,24.980532,121.038028,4
8933477423,24.983296,121.03680870000001,4
8934516210,24.984970999999998,121.0336537,4
8933037144,24.985955999999998,121.03038559999999,4
8933322357,24.982070999999998,121.03574180000001,4
8960634056,24.984253,121.0272242,4
8960582978,24.986039,121.0288489,4
8944812738,25.038416,121.0659153,4
8960790546,25.050206,121.095248,4
8959454300,25.048668,121.0877153,4
6817560240,25.049013000000002,121.12782299999999,4
6808292224,25.051837,121.125607,4
8946026229,25.034704,121.07559199999999,4
6794385545,25.055284,121.131771,4
6788883100,25.063171,121.109412,4
6813074368,25.054857000000002,121.12466,4
6829971772,25.060972,121.113479,4
6835135984,25.049488,121.11757800000001,4
8950757345,25.05347,121.0985914,4
6812135602,25.065611999999998,121.12636100000002,4
6801814960,25.053729,121.125498,4
6790311810,25.055094,121.133385,4
6829587623,25.046933,121.131817,4
6785620792,25.047549,121.128499,4
6795503365,25.049035,121.137717,4
6809811010,25.057472,121.10269299999999,4
8945227313,25.031907,121.06500929999999,4
6806733077,25.059537,121.108253,4
6803740613,25.052112,121.130675,4
6850322250,25.065644,121.12316200000001,4
6789703254,25.048045000000002,121.13028100000001,4
6793278942,25.047884,121.11893500000001,4
8946803728,25.056704999999997,121.0986561,4
6805430114,25.051026,121.125794,4
8960203175,25.055641,121.0962476,4
6837078690,25.054085,121.12139599999999,4
6839783144,25.052736,121.127696,4
8946752011,25.028519,121.06633970000001,4
6826281478,25.059609,121.127187,4
6832490693,25.050492000000002,121.116642,4
8959853146,25.051054999999998,121.0915467,4
8945762128,25.045302,121.09107859999999,4
6814039602,25.052701000000003,121.106222,4
6817618592,25.055498999999998,121.12043600000001,4
8955559652,25.034762,121.06830330000001,4
8946483359,25.033008,121.07169109999998,4
6825347459,25.057779,121.12813200000001,4
8945457927,25.037243,121.07123729999999,4
6796636743,25.055296,121.10394099999999,4
6810583045,25.04808,121.11270900000001,4
8945678535,25.036239000000002,121.06162309999999,4
6837274160,25.044989,121.129337,4
6821376784,25.050722,121.11898899999998,4
8960418001,25.025392999999998,121.0622487,4
7993968814,25.05499,121.125331,4
6814913506,25.045116,121.134281,4
6789316017,25.048717,121.11808700000002,4
6850419121,25.068179,121.125634,4
8949094286,25.038647,121.07727109999999,4
6835006281,25.048023999999998,121.136577,4
8946214258,25.041098,121.0720693,4
6829131027,25.048479999999998,121.109907,4
6813450898,25.049889,121.138733,4
6808486870,25.044938000000002,121.10864199999999,4
6822289918,25.04455,121.13203999999999,4
6801675845,25.055613,121.10065700000001,4
8960367608,25.044404999999998,121.08599740000001,4
6834425054,25.045987,121.120218,4
9009028082,25.044938000000002,121.10864199999999,4
6828443124,25.046598,121.135075,4
6810498837,25.056911,121.130252,4
6805772381,25.065633,121.114349,4
6818012934,25.067917,121.122262,4
6804153165,25.052541,121.125524,4
8945110235,25.047727,121.09305,4
6808065686,25.045658,121.13078700000001,4
6822481245,25.063016,121.12486200000001,4
6802037104,25.052118,121.122743,4
6790648066,25.046595999999997,121.110933,4
6813352666,25.049464,121.11524399999999,4
6813211000,25.064956,121.117471,4
8947673104,25.028989000000003,121.06078490000002,4
6805937768,25.056248,121.115857,4
8960885402,25.033098000000003,121.05568319999999,4
6798196169,25.059291,121.114423,4
6804204766,25.047247,121.135663,4
5714191491,25.064594,121.12149099999999,4
9006169262,24.966347,121.23391869999999,4
9056313932,24.975399,121.238134,4
9025384664,24.970270000000003,121.250534,4
9039614320,24.976499,121.2444285,4
9027007008,24.99287,121.2433693,4
9026041871,24.974887,121.2481689,4
9056516795,24.978282,121.24576370000001,4
9040798424,24.974239,121.24444740000001,4
9051829375,24.977504999999997,121.2451686,4
9043989134,24.985466,121.24661809999999,4
9037420154,24.983002,121.24231999999999,4
9028668833,24.991594,121.2447112,4
9036951758,24.988228,121.2431164,4
9007417000,24.973656,121.2344581,4
9057908807,24.967396,121.2363402,4
9024465955,24.974019000000002,121.25189309999999,4
9025768121,24.98009,121.2539895,4
9025495930,24.978704,121.25092020000001,4
9028518867,24.991967000000002,121.25061559999999,4
9035884049,24.984251,121.24774709999998,4
9057716849,24.974211999999998,121.2456882,4
9042111186,24.980894,121.23465320000001,4
9005167981,24.978253,121.24820940000001,4
9037970820,24.979901,121.2445486,4
9041222815,24.984023999999998,121.24236409999999,4
9006059575,24.997193,121.24882040000001,4
9041444012,24.978226,121.24209669999999,4
9038993617,24.972593,121.24170790000001,4
9025661828,24.989053,121.2469159,4
9007250437,24.975998999999998,121.2552435,4
9037275228,24.979720999999998,121.24744979999998,4
9005667455,24.996039,121.24881,4
9046735724,24.974127,121.2359733,4
9055095139,24.982670000000002,121.2501385,4
9051964893,24.98786,121.24641809999999,4
9029333836,24.990907999999997,121.2504723,4
9026675914,24.990223999999998,121.2510243,4
9054033831,24.972579,121.2439156,4
9044250796,24.981916000000002,121.2459982,4
9056053529,24.967698000000002,121.2465442,4
9028125478,24.980394,121.24979640000002,4
9041148089,24.985942,121.2424784,4
9028340394,24.977110999999997,121.2519129,4
9043119231,24.978422,121.24744579999998,4
9041383661,24.983081,121.2468553,4
9039499078,24.980439999999998,121.2346,4
9042006913,24.979315,121.246447,4
9041889433,24.990993,121.2463067,4
9027586615,24.993216,121.24617109999998,4
9037710410,24.985178,121.2437719,4
9006525296,24.99832,121.2491,4
9050093687,24.964625,121.23797749999999,4
9042396438,24.987109,121.2486834,4
9040250330,24.984598000000002,121.243016,4
9055874525,24.98477,121.23600290000002,4
9035978513,24.979173,121.24436770000001,4
9026984619,24.991653,121.2520746,4
9037385813,24.979209,121.2454337,4
9056644800,24.981516,121.2495361,4
9042277333,24.986627,121.2435813,4
9005811029,24.993323999999998,121.25184109999998,4
9054638074,24.978991,121.2396278,4
9038815811,24.974743,121.24205479999999,4
9039872429,24.981655,121.234779,4
9051795575,24.984876,121.2453812,4
9024972183,24.976658,121.2578265,4
9054768167,24.966634,121.24117520000001,4
9038669801,24.987584,121.24226829999999,4
9037608882,24.970458999999998,121.2443894,4
9052013214,24.984488,121.24417209999999,4
9005964802,24.976717999999998,121.235874,4
9026424597,24.990969,121.25164879999998,4
9053161966,24.982529,121.2482916,4
9039057170,24.989831,121.2463496,4
9028098381,24.97116,121.24771090000002,4
9052511114,24.989163,121.24168619999999,4
9037528686,24.982468,121.2349794,4
9038524705,24.978870999999998,121.23456740000002,4
9007725837,24.975482999999997,121.23328529999999,4
9038713068,24.975326000000003,121.2444107,4
9005429209,24.971669,121.23243090000001,4
9052325056,24.986729,121.24625,4
9045118110,24.983472,121.2471241,4
9044950858,24.989794,121.249879,4
9006656441,24.971701,121.2343966,4
9042715369,24.992582000000002,121.24581509999999,4
9036259045,24.988653,121.244473,4
9040852537,24.98206,121.242273,4
9037028750,24.985947,121.24447430000001,4
9040980878,24.980473,121.24494080000001,4
9026189112,24.990810999999997,121.242107,4
9025134955,24.9783,121.25451840000001,4
9040031074,24.988391,121.24201059999999,4
9026248823,24.993772,121.24879569999999,4
9040188267,24.986839,121.24248600000001,4
9048184421,24.974193,121.2470246,4
9038120928,24.985979999999998,121.24866090000002,4
9006838741,24.993252,121.250759,4
9028484939,24.990144,121.2487592,4
9026399463,24.991322,121.24877350000001,4
9051419099,24.971683,121.236314,4
9055236643,24.972565,121.2462272,4
9037887336,24.986203,121.2501265,4
9040436054,24.985048000000003,121.2483631,4
9043001563,24.976009,121.2420855,4
9039994654,24.972596,121.24285990000001,4
9044362869,24.978038,121.24650690000001,4
9052605589,24.981975,121.2433696,4
9040338524,24.984598000000002,121.2417259,4
9041548276,24.979155,121.2420994,4
9053087642,24.980543,121.2521403,4
9024826443,24.972138,121.2531004,4
9027168813,24.993160999999997,121.2446866,4
9038457082,24.982521,121.24645679999999,4
9042482867,24.983263,121.23957560000001,4
9044677361,24.972704,121.2480054,4
9040688002,24.981282999999998,121.2455277,4
9039376940,24.988292,121.24874469999999,4
9041609944,24.973354999999998,121.24439650000001,4
9040512968,24.96731,121.2443504,4
9038205368,24.97149,121.24440290000001,4
9007383756,24.967651,121.2317033,4
9028737912,24.980616,121.2564951,4
9043231482,24.985044,121.2473818,4
9054440220,24.977598999999998,121.2358991,4
9054840202,24.989031,121.2502922,4
9053240825,24.98375,121.25258429999998,4
9038044761,24.982051000000002,121.241019,4
9004589697,24.968452,121.2346485,4
9056732914,24.977332999999998,121.2386126,4
9041986760,24.983364,121.2353793,4
9054186294,24.985998000000002,121.23806609999998,4
9036801438,24.984023999999998,121.245827,4
9047477883,24.97525,121.2396842,4
9036517154,24.989035,121.24594099999999,4
9028845240,24.989037,121.24768799999998,4
9006757038,24.993245,121.24830370000001,4
9042989494,24.993274,121.2460892,4
9039145346,24.984534,121.2396078,4
9052795173,24.968176,121.2405475,4
9027878994,24.974998,121.25320579999999,4
6792053239,24.908338,121.19483999999999,4
6791531857,24.896026000000003,121.20476799999999,4
6802977933,24.896364000000002,121.208223,4
6791075694,24.900043,121.20338500000001,4
6812773704,24.899913,121.201201,4
6826860327,24.902420000000003,121.196627,4
6796900934,24.900301000000002,121.202577,4
6826433982,24.900111,121.20792900000001,4
6815380382,24.898519,121.19911599999999,4
6838991589,24.90227,121.212115,4
6791450975,24.902414,121.19788100000001,4
6795288843,24.897516,121.203391,4
6785985086,24.910089000000003,121.20266000000001,4
6789108553,24.905316,121.19858700000002,4
6820253886,24.899818,121.19963899999999,4
6814785906,24.902323000000003,121.191938,4
6819365692,24.895007,121.19991,4
6838142168,24.889031,121.18686000000001,4
6788953329,24.89855,121.197713,4
6837462403,24.903810999999997,121.19628700000001,4
6821262718,24.900941,121.20442800000001,4
6787605570,24.902504999999998,121.20410700000001,4
6803823006,24.90046,121.19453,4
6795812872,24.900963,121.20026999999999,4
6830387650,24.902951,121.202221,4
6792231814,24.894288,121.20323400000001,4
6824283111,24.901585999999998,121.200273,4
6828979741,24.904939000000002,121.197464,4
6839310936,24.895101999999998,121.206258,4
6822671102,24.913396,121.20643999999999,4
6834705877,24.896085,121.206079,4
6827703988,24.899703,121.19813,4
6809722438,24.897643,121.20598100000001,4
6823664968,24.903725,121.197708,4
6800006629,24.904292,121.202041,4
6798783629,24.900879,121.197128,4
6820152319,24.905259,121.203864,4
6829618363,24.898266,121.204823,4
6832158515,24.905095000000003,121.19615,4
6797340523,24.896276,121.20191200000001,4
6824763601,24.898622,121.206602,4
6830284519,24.908929,121.209751,4
6839056397,24.904334,121.19976799999999,4
6822373589,24.899728,121.20461200000001,4
6785765451,24.906834,121.20601,4
6829735034,24.901324,121.202428,4
6815259361,24.907141,121.20285700000001,4
6805116449,24.903113,121.199937,4
6812538707,24.90081,121.198025,4
6800481359,24.896573999999998,121.198742,4
6789036529,24.897246,121.200025,4
6811570422,24.905476,121.202281,4
6792368531,24.899343,121.20978500000001,4
6810916268,24.903825,121.20403799999998,4
6831684702,24.901757999999997,121.20664199999999,4
8948374869,25.1081,121.25915,4
8961029025,25.107778,121.2608987,4
8956737593,25.096912,121.27653829999998,4
8947510652,25.115003,121.2647166,4
9054983929,24.979275,121.2433283,4
9046343885,24.968093,121.23815829999998,4
9058187101,24.967698000000002,121.2398633,4
9055374519,24.971385,121.24590330000001,4
9058207335,24.971655,121.23860659999998,4
9048663920,24.96783,121.24096999999999,4
9056411911,24.980892,121.23950659999998,4
9054337843,24.968147000000002,121.2425,4
9055984740,24.97165,121.23768999999999,4
9056882899,24.974207,121.23948500000002,4
9047588020,24.977532,121.24198159999999,4
9052124950,24.969312,121.24437830000001,4
9047852622,24.981455,121.24485159999999,4
9055647374,24.96939,121.2398633,4
9047065943,24.970277,121.24520659999999,4
9058459509,24.970245000000002,121.23985,4
9052490575,24.974204999999998,121.23818829999999,4
9051170206,24.993267000000003,121.24505159999998,4
9058390170,24.971948,121.24579159999999,4
9057663620,24.982028,121.23950659999998,4
9057542002,24.967277,121.24250500000001,4
9053929018,24.976982999999997,121.24690829999999,4
9049974105,24.980532,121.2372483,4
9056924574,24.968897,121.23805,4
9055725744,24.979248000000002,121.24053329999998,4
9057267751,24.968501999999997,121.2398466,4
9057015171,24.983787,121.25032,4
9058076893,24.972967999999998,121.239645,4
9057839259,24.97164,121.23948500000002,4
1873266513,25.056992,121.104735,4
8958603346,25.094795,121.270344,4
8948880469,25.109891,121.2656085,4
8958472769,25.098075,121.27039779999998,4
8956410251,25.094039000000002,121.2780437,4
1870143953,25.05649,121.126848,4
1874173327,25.05499,121.125331,4
9042584060,24.987320999999998,121.24974950000001,4
9006479419,24.993236,121.2472402,4
9005554842,24.974239999999998,121.2499527,4
9039770217,24.985242,121.25038390000002,4
9036118243,24.987499,121.2406882,4
9036798676,24.988927,121.2407547,4
9042631285,24.980286,121.2485287,4
9039289213,24.977957999999997,121.24439890000001,4
9055598863,24.971018,121.2380747,4
9037182066,24.984147,121.2357244,4
9038396561,24.979879999999998,121.23456670000002,4
9024745590,24.982028,121.2517232,4
9007947298,24.976698000000003,121.2355713,4
9028994100,24.99009,121.24738559999999,4
9050345558,24.987745999999998,121.24147590000001,4
9024587943,24.976187,121.2509577,4
9045088433,24.9858,121.2457889,4
9042855379,24.988270999999997,121.24972179999999,4
9027452651,24.9901,121.24135090000001,4
9057153819,24.972573,121.2404842,4
9055474422,24.976568,121.23965290000001,4
9027790015,24.991818,121.24345490000002,4
9039514270,24.984568,121.24067609999999,4
9041719641,24.968204999999998,121.24434769999999,4
9006249394,24.994911,121.24880320000001,4
9025563339,24.992473999999998,121.2521153,4
9041078548,24.981085,121.2422095,4
9027632764,24.991124,121.24316359999999,4
1880227702,25.04271,121.10578400000001,4
1875605857,25.066705,121.12389399999999,4
6827522707,24.847815,121.18812199999999,4
1876294178,25.058316,121.106624,4
9055181549,24.97009,121.2380919,4
1874463922,25.050094,121.127427,4
1872096372,25.049934,121.135727,4
1874851778,25.058726,121.12895,4
1873796838,25.052929000000002,121.11971399999999,4
1873980433,25.061635,121.125363,4
1873589949,25.049279000000002,121.13651000000002,4
1872502260,25.066541,121.125229,4
1868735660,25.057357,121.12071100000001,4
1871835488,25.059122,121.116813,4
6206005027,25.048755,121.12921899999999,4
1866280721,25.058104999999998,121.11513400000001,4
1864394786,25.062125,121.115039,4
1863961966,25.05025,121.11598500000001,4
1880159877,25.062113,121.12003500000002,4
1870461686,25.063458999999998,121.112219,4
1869725972,25.046697,121.11763700000002,4
1866309687,25.060522,121.116301,4
1863192764,25.048143,121.13247,4
1869640746,25.058320000000002,121.12300800000001,4
1858495000,25.042832,121.137675,4
1868643163,25.056511999999998,121.120024,4
1880565892,25.065167000000002,121.129158,4
1878163906,25.05144,121.126088,4
1858663946,25.049256,121.11460600000001,4
1865759858,25.060311,121.109374,4
1876467148,25.04791,121.116583,4
1875819825,25.059070000000002,121.11156000000001,4
1872442570,25.063739,121.11887800000001,4
1878962609,25.04714,121.111704,4
1871556944,25.055258,121.130408,4
1859577965,25.047601999999998,121.13498200000001,4
7659560655,25.047451000000002,121.13108840000001,4
1869192578,25.050068,121.13002900000001,4
1859222962,25.061411,121.122257,4
1877753261,25.062087,121.11304299999999,4
1864240167,25.051056,121.123549,4
1865685426,25.045251,121.14136,4
1861199118,25.056206,121.121889,4
1859401072,25.06198,121.12358600000002,4
1860566873,25.054342000000002,121.12173500000002,4
1875497385,25.061798,121.11144399999999,4
1870209399,25.053673999999997,121.12708500000001,4
7659664855,25.06012,121.11395309999999,4
1874326758,25.058218,121.12581100000001,4
1859163356,25.047959,121.13406299999998,4
1871017370,25.056194,121.117893,4
1859367272,25.047603,121.11057,4
1880020715,25.050563,121.10803500000002,4
1866540100,25.063242000000002,121.11771,4
1864012214,25.051847,121.118196,4
1859781043,25.052651,121.126356,4
1867131633,25.056694,121.12306000000001,4
1861617723,25.059673999999998,121.123186,4
1872632423,25.064154000000002,121.12790700000001,4
1871139645,25.063906,121.12613,4
1887147961,25.054866,121.123246,4
1859681141,25.054911999999998,121.11876000000001,4
1865147218,25.061276,121.107064,4
1865038572,25.060976,121.112326,4
1877233747,25.062985,121.122125,4
1861374047,25.066245000000002,121.127971,4
1878246176,25.055194,121.11641399999999,4
1874571622,25.052937,121.13042,4
1878542767,25.051761,121.128856,4
1877865933,25.046075,121.14308799999999,4
1876881433,25.064562,121.120823,4
1879659063,25.061065,121.117557,4
1877156637,25.055623,121.10335900000001,4
1873804702,25.046122,121.13287199999999,4
1861267407,25.059137,121.124255,4
1869054567,25.063918,121.129681,4
1875361633,25.055072,121.127096,4
1880769019,25.060678,121.12598799999999,4
1862213493,25.057544,121.11809,4
1872783835,25.058023000000002,121.11280500000001,4
1878463753,25.058884,121.12131399999998,4
1880668746,25.058875,121.10488600000001,4
1875777376,25.060444,121.11993799999999,4
1876535301,25.051861,121.10685500000001,4
1874029716,25.053754,121.105248,4
1879213559,25.0671,121.12703300000001,4
1863442130,25.058267,121.129878,4
1861453227,25.047212,121.13831299999998,4
1874731371,25.05294,121.11669599999999,4
1861831678,25.062819,121.128194,4
1877496765,25.058542000000003,121.118922,4
6799708833,24.81288,120.96801,4
6795784540,24.805120000000002,120.91807,4
6818897978,24.83315,120.92647,4
6839469582,24.80574,120.95171,4
6834920791,24.80106,120.95432,4
6794030032,24.80519,120.94707,4
8982422340,24.835720000000002,120.94475,4
8983796424,24.80315,120.94791000000001,4
8980877109,24.84535,120.92821,4
8983091253,24.8138,120.95778,4
6807621666,24.839010000000002,120.92245,4
8988247587,24.80485,120.96103000000001,4
8984385587,24.82514,120.95700000000001,4
6793478462,24.81566,120.97991999999999,4
8984778155,24.80351,120.96385,4
6814859454,24.8063,120.96828000000001,4
8981036328,24.83771,120.93381000000001,4
6798360940,24.816860000000002,120.95765,4
6800594917,24.83115,120.91957,4
8988396457,24.81845,120.97771999999999,4
6816849220,24.83507,120.92975,4
8982797490,24.84765,120.9249,4
8985006627,24.80197,120.96388999999999,4
8984989668,24.80305,120.96038999999999,4
6829474542,24.8198,120.96127,4
8981909321,24.816329999999997,120.9651,4
8984665209,24.79828,120.95653999999999,4
6819196113,24.838729999999998,120.92896999999999,4
8983335833,24.81155,120.9606,4
6811767383,24.82198,120.96401999999999,4
8980605717,24.83914,120.93821000000001,4
8981435702,24.84075,120.93706999999999,4
6832578648,24.809,120.96013,4
8983503543,24.8188,120.96426000000001,4
6830075412,24.79267,120.9571,4
8982323145,24.83243,120.95246000000002,4
6786243795,24.835729999999998,120.92073,4
6819938129,24.79671,120.96113000000001,4
8985264126,24.806160000000002,120.95879,4
8986788016,24.80562,120.96468999999999,4
6796764055,24.84522,120.92714,4
6797191284,24.82532,120.97358,4
8981697089,24.80162,120.94893,4
8986380600,24.81624,120.97933,4
8982246428,24.8179,120.9604,4
6815485033,24.82215,120.97122,4
8980406311,24.81692,120.96743000000001,4
8982849109,24.80184,120.94617,4
6838805092,24.84231,120.92867,4
6811239469,24.81212,120.96444,4
8978189209,24.84119,120.93517,4
6788700544,24.82031,120.97424,4
8985838345,24.80594,120.96762,4
8981350883,24.81322,120.96495,4
6790874858,24.80646,120.95581000000001,4
6833676595,24.805035999999998,120.94039440000002,4
8983887184,24.79628,120.93982,4
8980577170,24.79715,120.94721000000001,4
8976192584,24.746470000000002,120.93643999999999,4
8975848599,24.71632,120.9229,4
6803910716,24.79622,120.93563,4
6789488297,24.79535,120.94893,4
8976404606,24.79534,120.93333,4
6836782182,24.79583,120.93848999999999,4
6807875330,24.792353,120.93294840000001,4
6811195716,24.793429999999997,120.93238000000001,4
8982694069,24.79464,120.93983999999999,4
6860658696,24.79785,120.94111000000001,4
8991473553,24.79498,120.94084,4
8977302218,24.74087,120.89383000000001,4
6818325538,24.790902,120.93932190000001,4
6787220057,24.803298,120.9435468,4
8976665787,24.72441,120.92595,4
8977156461,24.7924,120.93068999999998,4
8981116298,24.79499,120.94511999999999,4
6816421892,24.789326000000003,120.93770490000001,4
6827237775,24.807007000000002,120.9403712,4
6823458793,24.791547,120.9397101,4
6793750939,24.805139999999998,120.94312,4
8977424229,24.72919,120.93538999999998,4
8981855627,24.80892,120.92333,4
8977751880,24.792679999999997,120.93393,4
8977559973,24.79451,120.93457,4
8976569306,24.741120000000002,120.90708000000001,4
8977249080,24.74549,120.92921899999999,4
6831204666,24.78472,120.93108000000001,4
8987352596,24.76419,120.96318000000001,4
6874763769,24.80774,120.93489,4
8976991193,24.79449,120.9325,4
6833251438,24.80179,120.91718,4
6834547582,24.791566,120.93126869999999,4
8982049939,24.81502,120.92764,4
8980366659,24.795820000000003,120.94113999999999,4
8978215844,24.79164,120.93288000000001,4
6816535973,24.79062,120.93076,4
6809373692,24.794710000000002,120.94165,4
6835264197,24.788957999999997,120.9340508,4
8980702022,24.81796,120.92663999999999,4
8975714354,24.74539,120.92098,4
8977003622,24.792920000000002,120.93234,4
8985143778,24.75989,120.9591,4
8976314897,24.76049,120.90763999999999,4
6825074598,24.78655,120.92948999999999,4
6802540855,24.79681,120.95238,4
6791857869,24.79564,120.91731999999999,4
6812088924,24.797123000000003,120.93700659999999,4
8980018250,24.79733,120.9398,4
6815578169,24.789102,120.9307878,4
9280794395,24.777288000000002,120.917953,4
8978408962,24.75072,120.90495,4
6794639479,24.80122,120.91971000000001,4
6831345268,24.79963,120.91693000000001,4
6797201255,24.792370000000002,120.92882,4
8978079639,24.793960000000002,120.93794,4
8977875714,24.79395,120.93281,4
6799071051,24.78914,120.92818,4
8976752247,24.79295,120.93476000000001,4
8984208204,24.81749,120.92906,4
8980290466,24.79948,120.94135,4
8979962141,24.79625,120.93903999999999,4
6824199296,24.79224,120.94173880000001,4
6808726697,24.799592999999998,120.9453937,4
8975670687,24.75545,120.90959,4
8984057851,24.81656,120.92835,4
6786008677,24.790492999999998,120.9345186,4
8977965448,24.77439,120.91456000000001,4
8976082227,24.74517,120.93064,4
6804854403,24.79338,120.93591,4
8978312970,24.78736,120.91712,4
8976239357,24.72964,120.91695,4
8977660087,24.76931,120.91373,4
6799177145,24.7978,120.91748,4
6788176361,24.789901999999998,120.9329135,4
8981553553,24.79406,120.94272,4
8980108256,24.79639,120.93778999999999,4
8981714512,24.79542,120.93733,4
8983973990,24.79898,120.94308999999998,4
6815630942,24.789195,120.9350633,4
8975992849,24.74608,120.93333999999999,4
6794951942,24.80087,120.97522,4
6790479756,24.79823,120.97815,4
6837353697,24.79994,120.96576,4
8983494557,24.80678,121.01128999999999,4
8982111706,24.80684,121.01387,4
6795150792,24.78191,121.01171000000001,4
8991879596,24.78227,121.00192,4
8990255304,24.766170000000002,121.01918,4
6791948044,24.781760000000002,121.01591,4
6805366543,24.775920000000003,121.01776000000001,4
6834615008,24.80106,120.96638999999999,4
6789520019,24.77661,120.98535,4
6827856185,24.77409,121.02616,4
8984488778,24.81779,120.98163999999998,4
6832745637,24.772170000000003,121.01423999999999,4
8989048346,24.79329,121.00133000000001,4
8991105786,24.803639999999998,120.99163999999999,4
6811367232,24.79032,120.97673,4
6815819136,24.77901,121.0004,4
8990434556,24.781010000000002,121.00697,4
6810359698,24.78474,120.99165,4
6796007092,24.775760000000002,121.02698000000001,4
8984558027,24.80414,120.96943999999999,4
6811817624,24.80061,120.96943999999999,4
8980979620,24.76771,120.97893,4
8988944528,24.762420000000002,121.02361,4
8989501642,24.77355,121.01403,4
6791131344,24.805410000000002,120.97166999999999,4
6810807486,24.78346,121.01286,4
8985616270,24.79648,120.96668999999999,4
8985577374,24.77595,120.97713999999999,4
8989413057,24.78807,121.01366000000002,4
8988536083,24.80059,120.99136000000001,4
6818417288,24.78494,121.01077,4
6817942055,24.78517,120.98964,4
6833484903,24.777160000000002,121.02486,4
6834016291,24.78578,121.00707,4
6809559044,24.79615,120.97463,4
8988879174,24.77336,121.01071999999999,4
8990679143,24.77852,121.00214,4
6804993334,24.82141,120.98098999999999,4
8985453183,24.79337,120.96308,4
6800310136,24.80098,120.97216,4
6836261041,24.77486,121.02808,4
6796516181,24.78572,121.0015,4
6816978736,24.7826,121.00913999999999,4
8984806814,24.77075,120.9656,4
8989866464,24.790570000000002,121.0117,4
8989283515,24.777520000000003,120.98716999999999,4
8987782341,24.785120000000003,121.0027,4
6830787525,24.79761,120.98558999999999,4
6800271812,24.78045,120.98833,4
6859881111,24.80945,120.97241000000001,4
6806672900,24.80206,120.9742,4
6822718143,24.78363,120.9998,4
6795921261,24.77103,121.01723999999999,4
8987636747,24.77467,121.00798999999999,4
8987238895,24.77673,121.00707,4
6809024909,24.80741,120.97158,4
6817169211,24.78257,120.99036000000001,4
8988694070,24.776,121.01513,4
8983618782,24.809,120.99991999999999,4
8990145857,24.77899,120.99843999999999,4
8990570914,24.7784,121.00771999999999,4
8990052291,24.77329,121.01625,4
8981266456,24.7766,120.98398999999999,4
6801190104,24.7738,121.02202,4
6826508853,24.79664,120.97001999999999,4
8991749297,24.7749,121.01256000000001,4
8986831921,24.77441,121.01626999999999,4
6830491543,24.77561,121.02514,4
6802897338,24.78442,121.00815,4
8987892015,24.79776,120.9648,4
6797065024,24.77413,121.00956000000001,4
6790296407,24.78175,120.99148999999998,4
8987598268,24.79338,121.00121999999999,4
8989157625,24.785961,120.96773390000001,4
8985385852,24.803279999999997,120.96655,4
8986926993,24.79402,120.97091,4
8991620561,24.798389999999998,120.96569,4
6809247260,24.768,121.01736000000001,4
8986647520,24.763720000000003,121.01931,4
8992007508,24.77715,121.00471,4
8986231896,24.79309,121.01284,4
8983292485,24.81411,120.9954,4
6839169540,24.771279999999997,121.02571,4
6793685085,24.79918,120.96423,4
8985985510,24.802229999999998,120.99807,4
8989766806,24.76997,121.0143,4
6818754855,24.80564,120.97148999999999,4
6822890394,24.81513,120.99213,4
8986483196,24.78068,121.0003,4
6812619883,24.80309,120.97543,4
6820715762,24.81524,120.98518,4
8988487833,24.81543,120.97693000000001,4
6833896400,24.80622,120.97471999999999,4
6830134015,24.779889999999998,121.02443999999998,4
8990798369,24.7835,121.0066,4
6835474976,24.814474,120.979552,4
6807930317,24.77518,121.01908999999999,4
8987937397,24.779945,121.001979,4
8991968103,24.80347,120.99615,4
6787396028,24.79299,120.97468,4
8990862395,24.81439,120.98276000000001,4
6802263294,24.77958,121.01041000000001,4
8984183863,24.78174,120.98024,4
6793911901,24.77691,120.98451999999999,4
8983115374,24.81231,121.00318,4
6792711961,24.76535,121.03018999999999,4
8982554904,24.78783,121.01653999999999,4
8988776552,24.7709,121.02158,4
8988046735,24.79551,121.01306000000001,4
6807292152,24.80755,120.98895,4
6802459175,24.80301,120.97306,4
6787882341,24.77608,121.01109,4
8987053886,24.80314,120.97867,4
8990365354,24.779320000000002,120.9885,4
6795075638,24.77886,121.02738000000001,4
8989900986,24.775489999999998,121.00735,4
8991098549,24.79139,121.01775,4
8982976042,24.778470000000002,121.00555,4
6801471798,24.78315,120.99647,4
8991527523,24.79985,120.98083999999999,4
6797810465,24.780279999999998,121.02202,4
8987111321,24.77911,120.96713999999999,4
8989383386,24.79326,121.00131999999999,4
6796103517,24.801389999999998,120.9887,4
8985781034,24.77453,120.96781000000001,4
6791356446,24.78107,121.01276000000001,4
8987434695,24.78651,121.02115,4
8990946625,24.77263,121.02383,4
6810782495,24.76825,121.02056,4
8989610988,24.785320000000002,121.0192,4
8986193168,24.77719,121.02728,4
6830912618,24.781999999999996,121.02102,4
6820485245,24.76381,121.02112,4
8988182175,24.79335,121.0012,4
8986082582,24.791420000000002,120.97393000000001,4
8991316666,24.7783,121.00136,4
6835806505,24.7988,120.97456000000001,4
6833316765,24.78112,120.99816000000001,4
6793853882,24.78383,120.99087,4
6823983982,24.80769,120.97027,4
6823244545,24.81392,120.97521,4
6880042472,24.80714,120.98487,4
6812497971,24.77606,121.02197,4
6879439829,24.76687,121.02641000000001,4
6851595358,24.80714,120.94893,4
6830535479,24.79031,120.92525,4
10224689831,24.733744,120.912931,4
10223694142,24.71859,120.9240628,4
6787586520,24.795531,120.93394520000001,4
6821485399,24.8051,120.93803999999999,4
6791216535,24.7911,120.9413692,4
6789252270,24.792216,120.9319527,4
6796858245,24.790884,120.9371439,4
6879393574,24.8067,120.930039,4
10219878554,24.736507,120.91425290000001,4
6788263971,24.8,120.97368,4
6931269852,24.77657,121.00248,4
6878740601,24.77824,121.00948000000001,4
6931042825,24.7787,120.99938,4
6819202086,24.7812,120.99518,4
6931111881,24.77759,121.00084,4
6931328340,24.77523,121.0047,4
6804565202,24.80229,120.9707,4
6804627366,24.78213,121.00516,4
8986512719,24.77244,121.01902,4
6864888381,24.693952,120.885272,4
9329727428,24.590356,120.81459299999999,4
6869493203,24.592298,120.8067101,4
6879737208,24.598117000000002,120.80716070000001,4
6863089204,24.588556,120.81199,4
6852813635,24.589198,120.8250028,4
6872576420,24.583351,120.821127,4
6852153188,24.565409,120.82014,4
6869107369,24.58028,120.82461119999999,4
6854175113,24.58951,120.81548899999999,4
6866109763,24.587083,120.8134156,4
6873587690,24.592203,120.8136068,4
6853184467,24.586915,120.8193621,4
6867071574,24.587671,120.82251640000001,4
6874540798,24.583622000000002,120.815261,4
6878021176,24.588593,120.817058,4
6860937695,24.597568,120.81052959999998,4
6853555732,24.584934,120.8250511,4
6868184043,24.589959,120.81071770000001,4
6850575254,24.580223999999998,120.81402179999999,4
6856299745,24.593053,120.824246,4
6852470822,24.58999,120.8034003,4
6862941115,24.587146,120.81733440000001,4
6875939424,24.591651000000002,120.81002269999999,4
6880581347,24.595753,120.816519,4
6853855913,24.595571,120.8206321,4
6851353333,24.565409,120.82014,4
6867572546,24.591963,120.8187398,4
6857918414,24.59608,120.817907,4
6878994754,24.593232,120.8153643,4
6860700123,24.593241,120.80836770000002,4
6862191219,24.579971,120.8196223,4
6864459481,24.590629,120.820151,4
6876496593,24.565409,120.82014,4
6851907419,24.588848000000002,120.82112430000001,4
6859932924,24.587464,120.82498670000001,4
6853712030,24.584004,120.81896780000001,4
6862520664,24.593507000000002,120.8114925,4
6856951198,24.565409,120.82014,4
6877439759,24.589160999999997,120.80681470000002,4
6869980871,24.597177,120.81394270000001,4
6874849590,24.590770000000003,120.8131447,4
6878679313,24.588608999999998,120.8118479,4
6870454526,24.591160000000002,120.82491,4
6876532562,24.565409,120.82014,4
6861855931,24.594423000000003,120.82330900000001,4
6861278962,24.3235,120.77684369999999,4
6874983742,24.324151,120.802332,4
6866265041,24.309236,120.81932990000001,4
6864136663,24.325714,120.79818600000002,4
6864265926,24.382371,120.75895,4
6870279572,24.382371,120.75895,4
6865153428,24.382371,120.75895,4
6878595863,24.382371,120.75895,4
6863633264,24.324237,120.7729683,4
6866818104,24.382371,120.75895,4
6871172644,24.710282,120.8793738,4
6854480085,24.402668,120.66327700000001,4
6875815346,24.412963,120.64842340000001,4
6860852230,24.714939,120.87743999999999,4
6869038076,24.706547,120.9226111,4
6875544870,24.710127,120.9024703,4
6901491941,24.707335,120.87705,4
6863899469,24.728901999999998,120.91178300000001,4
6859215555,24.711767000000002,120.878101,4
6857222911,24.709303,120.89174150000001,4
6855708693,24.711457,120.909021,4
6870130075,24.704576,120.8888206,4
6872486393,24.715536,120.90820900000001,4
6901135221,24.680822,120.8789125,4
6873074824,24.700678,120.88464499999999,4
6850937289,24.714537,120.9213692,4
6851695974,24.672914000000002,120.8752888,4
6860131709,24.706835,120.89347020000001,4
6850751939,24.707376999999997,120.9251203,4
6875620785,24.719566,120.9113377,4
6857530628,24.713979000000002,120.910049,4
6865728720,24.696804999999998,120.88535379999999,4
6865236210,24.713975,120.9144584,4
6875454146,24.704437,120.92294369999999,4
6877846294,24.709623999999998,120.88170600000001,4
6862856347,24.723693,120.90522220000001,4
6858672456,24.716816,120.875054,4
6851231912,24.686073,120.8817342,4
6870559589,24.730894,120.9069014,4
6857106047,24.704273,120.88216899999999,4
6879192445,24.712823999999998,120.87649499999999,4
6876980735,24.717276000000002,120.907201,4
6853067274,24.684842,120.88057590000001,4
6858287476,24.710526,120.91470659999999,4
6868549831,24.689267,120.88173859999999,4
6861013181,24.707212,120.91469860000001,4
6872328248,24.711759,120.882823,4
6901281720,24.711947,120.9229409,4
6875303804,24.697748999999998,120.882446,4
6863361855,24.705502,120.9024462,4
6877303266,24.720855,120.87411499999999,4
6871825816,24.709996,120.88060159999998,4
6859338683,24.709939000000002,120.86936000000001,4
6856652220,24.709177,120.89666100000001,4
6862689871,24.676638,120.8770645,4
6854734218,24.676799,120.8766412,4
6872223334,24.713015,120.88023899999999,4
6859651629,24.70719,120.88435700000001,4
6872987319,24.722947,120.90917590000001,4
6861358049,24.694926000000002,120.8811307,4
6874433355,24.600334,120.82882190000001,4
6851809092,24.602056,120.82644209999998,4
6851015268,24.603779,120.810138,4
6861704892,24.607931,120.81857820000002,4
6861967650,24.603216,120.815526,4
6857462133,24.609489,120.82141670000001,4
6868443104,24.602545000000003,120.82445030000001,4
6876179306,24.601491,120.8297915,4
6868888448,24.605534,120.8224808,4
6862411726,24.602805,120.81895039999999,4
6872153136,24.60295,120.79661499999999,4
6877724336,24.60771,120.82619840000002,4
6880489672,24.605229,120.8049385,4
6852398449,24.600713,120.82331570000001,4
6860296420,24.605176,120.8287378,4
6881127591,24.673928,120.8906949,4
6879849570,24.641617,120.88416979999998,4
6871612885,24.702048,120.92086499999999,4
6879017014,24.675020999999997,120.914351,4
6854282319,24.679129,120.8997452,4
6874059177,24.673913,120.88738020000001,4
6874163018,24.676366,120.8852777,4
6856816480,24.677375,120.89987920000002,4
6881267181,24.666377,120.8825898,4
6865813591,24.685276,120.88986399999999,4
6873838366,24.682488,120.88764309999999,4
6873353658,24.687329000000002,120.9140031,4
6871559780,24.68088,120.89048999999999,4
6853320038,24.683287,120.8955288,4
6866905280,24.679582999999997,120.8822197,4
6854515420,24.664223,120.880027,4
6863514308,24.68226,120.9043996,4
6855808573,24.680870000000002,120.89121999999999,4
6855132556,24.680567,120.8869886,4
6853474367,24.64568,120.886202,4
6878813764,24.669667999999998,120.8925622,4
6880295791,24.639879,120.88275890000001,4
6857053855,24.679078,120.89991040000001,4
6856060770,24.700502,120.9001851,4
6864319786,24.671023,120.89568440000001,4
6873476776,24.681172,120.88353400000001,4
6855917755,24.69686,120.9106085,4
6880199329,24.671666000000002,120.8869565,4
6872008235,24.682658,120.90292439999999,4
6859469829,24.68541,120.893497,4
6875707101,24.675166,120.8932436,4
6877535777,24.676136,120.8949816,4
6867912164,24.677923,120.91571699999999,4
6869380606,24.677754999999998,120.8977443,4
6867626941,24.671218,120.8822894,4
6877682801,24.671837,120.8831554,4
6869595519,24.680702,120.899849,4
6855063784,24.682555999999998,120.89237450000002,4
6871733197,24.67324,120.88853130000001,4
6862259038,24.674534,120.8844561,4
6863470467,24.678596,120.8989067,4
6853960716,24.68086,120.88888999999999,4
6866730450,24.685213,120.90014209999998,4
6875219021,24.681186999999998,120.88222479999999,4
6901541853,24.680870000000002,120.88965,4
6861626035,24.665063,120.8812551,4
6869852981,24.673993,120.88637320000001,4
6878436158,24.67911,120.902583,4
6852640364,24.674606,120.8840865,4
6858510694,24.682566,120.88962790000001,4
6860315635,24.684223,120.89861869999999,4
6871920597,24.677959,120.90077520000001,4
6864054182,24.681919,120.9010756,4
6860482937,24.678349,120.90922549999999,4
6871493422,24.669014,120.8886623,4
6876654282,24.685259,120.89582109999999,4
6866020909,24.685169000000002,120.8879811,4
6869774578,24.68086,120.89371399999999,4
6878395441,24.640995,120.88442169999999,4
6865476258,24.681956,120.9069175,4
6867334090,24.653794,120.8828634,4
6866676768,24.645651,120.88376699999999,4
6877936046,24.642098,120.88327109999999,4
6863224656,24.670935999999998,120.895495,4
6868246888,24.669442999999998,120.8831155,4
6870858742,24.670842,120.8855563,4
6929947829,24.69462,120.8971261,4
6867859152,24.642699,120.88448999999999,4
6857330508,24.680865,120.9052759,4
6881030795,24.646345,120.88393090000001,4
6854865194,24.67912,120.88564369999999,4
6865353852,24.673163,120.88960449999999,4
10207686849,24.728719,120.905402,4
6877140597,24.707519,120.908409,4
9328340950,24.706835,120.89347,4
9328894642,24.658116,120.96003059999998,4
9330689794,24.593121,120.8071446,4
10579543028,24.565409,120.82014,4
9311975594,24.566245000000002,120.82113500000001,4
9324081887,24.583122,120.8445883,4
9328220756,24.584366,120.8253837,4
10617366765,24.565409,120.82014,4
9329451406,24.590356,120.81459299999999,4
10225653681,24.563123,120.82158600000001,4
9329947164,24.594499,120.819281,4
9327760547,24.594668,120.81945549999999,4
10579298258,24.565409,120.82014,4
9329300519,24.594720000000002,120.81911170000001,4
9330799878,24.588743,120.80890420000001,4
9504602823,24.323885,120.7989363,4
10094786943,24.326357,120.7766632,4
9496959310,24.323885,120.7989363,4
9514046028,24.309236,120.81932990000001,4
10209411384,24.524046,120.8203102,4
10215652254,24.464997,120.8362842,4
10222974765,24.507339,120.82722450000001,4
10223256961,24.528679999999998,120.81882279999999,4
10221165762,24.524155,120.8203307,4
10220778450,24.479996,120.8099341,4
10215328840,24.476152,120.80450559999998,4
10218586126,24.477651,120.7840908,4
10220524153,24.499372,120.7980037,4
10473663479,24.485992,120.78905300000001,4
10222546308,24.49367,120.8089126,4
10222345660,24.481973,120.7919778,4
10206542690,24.492495,120.79669479999998,4
10219266995,24.461088,120.7756415,4
10215867532,24.46721,120.78597169999999,4
10207237162,24.473826000000003,120.7855267,4
10216174561,24.486873000000003,120.78815459999998,4
10578012295,24.46363,120.755303,4
10222195214,24.502494,120.8075094,4
10217501858,24.473119,120.77339170000002,4
10219562164,24.46237,120.776302,4
10220920265,24.499372,120.7980037,4
10219490122,24.467497,120.77264070000001,4
10221466628,24.499372,120.7980037,4
10219934680,24.476912,120.79465559999998,4
10217928885,24.484373,120.78963519999999,4
10577845729,24.460981,120.757427,4
10215705633,24.485248000000002,120.79362909999999,4
10223315186,24.492495,120.79669479999998,4
10216067613,24.483772000000002,120.790705,4
10576393120,24.476863,120.789272,4
10473746674,24.473810999999998,120.78771599999999,4
10577955841,24.452038,120.75578,4
10221356646,24.493727,120.7996443,4
10219342053,24.476874,120.782876,4
10581272795,24.480638,120.809795,4
10217124304,24.48374,120.7933903,4
10579000232,24.478582,120.79144,4
10217792983,24.478741,120.78512909999999,4
10456563674,24.4693,120.766122,4
10218980520,24.477651,120.7840908,4
10216250684,24.478741,120.7840347,4
10456446831,24.482123,120.78948600000001,4
10222741839,24.479996,120.8099341,4
10222010369,24.492495,120.79669479999998,4
10217494524,24.485271,120.7890288,4
10233551742,24.456865,120.7804084,4
10576917744,24.489857,120.807571,4
10222289476,24.494373,120.8012223,4
10215989650,24.483118,120.79064369999999,4
10217076576,24.483118,120.79010729999999,4
10220806419,24.494373,120.8012223,4
10219670990,24.466606,120.7661433,4
10218228654,24.48374,120.7933903,4
10216669567,24.48374,120.7933903,4
10207142688,24.484996,120.78622340000001,4
10217362486,24.46237,120.776302,4
10217848251,24.484996,120.78622340000001,4
10575717768,24.495475,120.807923,4
10217263259,24.481973,120.7919778,4
10216940108,24.483096,120.79405320000001,4
10218765085,24.475619000000002,120.7795715,4
10222688944,24.478741,120.80894709999998,4
10218324446,24.469374,120.78373429999999,4
10219046535,24.458775,120.76038799999999,4
10579121717,24.491409,120.80149499999999,4
10211416311,24.490617999999998,120.80261709999999,4
10218050693,24.463421,120.7774451,4
10221802064,24.490617999999998,120.80261709999999,4
10218898911,24.458742,120.760324,4
10221724463,24.479996,120.8099341,4
10578658011,24.485364,120.808874,4
10473415345,24.4764,120.788978,4
10580604656,24.494285,120.798111,4
10216781199,24.482536,120.79368670000001,4
10578770476,24.484245,120.809859,4
10215471684,24.478741,120.7885838,4
10221629674,24.490617999999998,120.80261709999999,4
10221964047,24.497902,120.8024666,4
10473800396,24.470617,120.791343,4
9323993939,24.573122,120.8448243,4
10213060215,24.373148,120.74822990000001,4
10220670830,24.387306,120.7584006,4
10578368123,24.382303,120.75901999999999,4
10220477919,24.374371,120.74663400000001,4
10473544436,24.383668,120.75241000000001,4
10216444481,24.38268,120.75275,4
10211371157,24.388125,120.75558190000001,4
10211243711,24.38268,120.75275,4
10212156198,24.391256,120.7594284,4
10220289241,24.377402,120.75007040000001,4
10578525930,24.382303,120.75901999999999,4
10578476234,24.382303,120.75901999999999,4
10212068674,24.420623000000003,120.77489380000002,4
10211561430,24.408531,120.770991,4
10209120265,24.568680999999998,120.7404027,4
9515877840,24.556735,120.7802712,4
10225779278,24.556735,120.780271,4
9312517787,24.556735,120.7802712,4
10227703199,24.556735,120.780271,4
10226532253,24.556735,120.780271,4
10224226302,24.567667999999998,120.73568470000001,4
10227646020,24.556735,120.780271,4
10212217476,24.571245,120.7444024,4
10211886258,24.56565,120.7480439,4
10227572035,24.556735,120.780271,4
10228547913,24.556735,120.780271,4
9312973461,24.556735,120.7802712,4
10228483626,24.556735,120.780271,4
10227927694,24.556735,120.780271,4
10226942205,24.556735,120.780271,4
10226745857,24.556735,120.780271,4
9312616000,24.556735,120.7802712,4
10211708361,24.567339999999998,120.75307269999999,4
10228090064,24.556735,120.780271,4
10211904142,24.550627,120.74814930000001,4
9515666018,24.556735,120.7802712,4
10212758661,24.568680999999998,120.7404027,4
10226850744,24.556735,120.780271,4
9312394152,24.556735,120.7802712,4
10443644458,24.569508,120.748971,4
10227205900,24.556735,120.780271,4
10212521587,24.560863,120.75716979999999,4
9312164154,24.556735,120.7802712,4
9517394562,24.556735,120.7802712,4
10228363779,24.556735,120.780271,4
10225488211,24.556735,120.780271,4
10577754909,24.437532,120.65498799999999,4
10577637276,24.433201999999998,120.65611299999999,4
10106971432,24.41249,120.65299270000001,4
10576500240,24.437898999999998,120.66153700000001,4
10577054834,24.443174,120.678905,4
10578811952,24.449364000000003,120.681497,4
10576044989,24.444941,120.68061599999999,4
10577248534,24.435206,120.655774,4
6244137808,24.407729999999997,120.65464009999998,4
10577518890,24.441968,120.657059,4
10580070513,24.42826,120.666322,4
10576622099,24.435427,120.661822,4
10094690722,24.412947,120.648222,4
10578217669,24.423807999999998,120.66435600000001,4
10576769697,24.423282999999998,120.667197,4
10576468655,24.469860999999998,120.67849299999999,4
10576210627,24.472297,120.67710600000001,4
10580599940,24.481925,120.673745,4
10580894784,24.448475,120.689595,4
9332111749,24.719989,120.90947630000001,4
9320896667,24.677539000000003,120.8773092,4
10214155625,24.686247,120.86696859999999,4
10220005855,24.710121,120.874225,4
9321468988,24.678115,120.87186100000001,4
10207096965,24.704368,120.8751011,4
10208969242,24.726409,120.90533909999998,4
10206775638,24.65375,120.8690715,4
10207771464,24.719989,120.90947630000001,4
10446065838,24.672376999999997,120.87910500000001,4
9331409673,24.696869,120.8817744,4
9331376856,24.713123,120.91516259999999,4
10223715914,24.709989999999998,120.9289169,4
9330256813,24.723418,120.90487399999999,4
10214822356,24.681865,120.8759034,4
10208283738,24.718123000000002,120.90917590000001,4
10209907916,24.713745,120.9019017,4
9385403893,24.709989999999998,120.9084892,4
10215256113,24.716245,120.8824396,4
6901357504,24.707824,120.887997,4
10217683884,24.700623999999998,120.8792639,4
9332506496,24.729301,120.9062098,4
9320366633,24.680615,120.8788991,4
10214466275,24.711245,120.8678699,4
10208064078,24.726409,120.90533909999998,4
10211048258,24.713176,120.87598529999998,4
10581730503,24.715876,120.897552,4
10581598003,24.712117000000003,120.870259,4
9514317643,24.709723999999998,120.88158870000001,4
10581834987,24.718552,120.87431799999999,4
10212674670,24.701868,120.8590293,4
9331022341,24.693766,120.8812595,4
10213800110,24.684992,120.87636709999998,4
10445622255,24.687822,120.87008200000001,4
10213429489,24.683328,120.86983670000001,4
10210686366,24.703746,120.8759379,4
9330428889,24.716245,120.9058928,4
9332629473,24.707102,120.8846604,4
9330837888,24.711941,120.8671547,4
10208871498,24.726417,120.90508770000001,4
9330501806,24.689369,120.8806372,4
10216550282,24.701245999999998,120.87332009999999,4
10210001434,24.714362,120.9053811,4
10209096746,24.726417,120.90508770000001,4
10213793329,24.68437,120.8773971,4
10216881798,24.703746,120.8759379,4
10218187355,24.701245999999998,120.87332009999999,4
10207472753,24.72643,120.91236629999999,4
9328026555,24.716516,120.8768717,4
10210219486,24.707959,120.9061934,4
9331633950,24.70749,120.90627909999999,4
9326688753,24.709989999999998,120.885272,4
10210189449,24.713176,120.87598529999998,4
10214985020,24.672216,120.87840890000001,4
10214277120,24.687558,120.870403,4
10222831244,24.70749,120.9200335,4
10223852350,24.67437,120.87786909999998,4
9328120795,24.70749,120.9200335,4
10340218200,24.703124,120.8762383,4
10208579116,24.720622,120.9053135,4
10213384953,24.672216,120.87840890000001,4
10209742253,24.709989999999998,120.8945632,4
9328966782,24.716245,120.9058928,4
10206922502,24.65375,120.8690715,4
9311298497,24.716516,120.8768717,4
9329177049,24.692491,120.8838129,4
10211135439,24.713176,120.87598529999998,4
10210394272,24.713991,120.87887859999998,4
10216393043,24.700742,120.8770915,4
9499396198,24.707763,120.88249309999999,4
9326818157,24.708624,120.88453940000001,4
10209869364,24.701868,120.87634560000001,4
10219118056,24.707763,120.88249309999999,4
9328525407,24.719989,120.87269779999998,4
10445879283,24.683745000000002,120.873048,4
10581641348,24.712388,120.89407,4
9331115137,24.713398,120.89206429999999,4
10424153281,24.712766000000002,120.9006,4
10215176234,24.6715,120.87065349999999,4
10214579667,24.669864999999998,120.86368370000001,4
10580753983,24.712978,120.882935,4
10214009709,24.683328,120.86983670000001,4
9330931709,24.698124,120.8869672,4
10210975610,24.701868,120.8590293,4
10207940258,24.708745999999998,120.8782554,4
9329818174,24.603742,120.820899,4
9320106941,24.604364999999998,120.8278513,4
9327598381,24.600908999999998,120.81478829999999,4
9318832278,24.604364999999998,120.8278513,4
9318976013,24.603742,120.820899,4
9312786817,24.603742,120.820899,4
9319548981,24.603742,120.820899,4
9319713369,24.600908999999998,120.81478829999999,4
9324556871,24.610111,120.80226599999999,4
9319620288,24.607498,120.7981753,4
10215527330,24.581031,120.7433531,4
9319930052,24.600908999999998,120.81478829999999,4
9331771440,24.603742,120.8105993,4
9313085403,24.600908999999998,120.81478829999999,4
9515326448,24.677668,120.8976695,4
9497705413,24.684373,120.88554280000001,4
9514820089,24.685276,120.88986399999999,4
10208611728,24.702491000000002,120.91655729999998,4
9516124077,24.680846,120.8852935,4
9496684676,24.680615,120.8807659,4
10214758778,24.67847,120.88690729999999,4
9497210844,24.684898,120.8929443,4
9498394920,24.67687,120.90329650000001,4
9320481915,24.667265,120.8845886,4
10580961809,24.696939999999998,120.89862,4
9326473433,24.667493,120.8804655,4
9320955534,24.67847,120.88690729999999,4
9320719095,24.667265,120.8845886,4
9497123092,24.680846,120.8852935,4
9324464764,24.667493,120.8804655,4
9385139769,24.684373,120.88554280000001,4
9498973370,24.683114,120.90061429999999,4
10214389408,24.673164,120.8891084,4
10579974962,24.565409,120.82014,4
9324262737,24.581866,120.8203197,4
10222409527,24.537851999999997,120.81568909999999,4
10206317999,24.541869000000002,120.82383870000001,4
10212867321,24.571245,120.8166718,4
9332417431,24.588120999999997,120.8101487,4
9331967564,24.593121,120.81203700000002,4
9325203714,24.588743,120.82448240000001,4
9329250090,24.594499,120.819281,4
9326555132,24.581866,120.8203197,4
9324372852,24.587498999999998,120.8237743,4
10579723967,24.565409,120.82014,4
9324192019,24.587498999999998,120.8237743,4
9517474870,24.566197,120.8211731,4
9517167578,24.56749,120.8243752,4
9331841737,24.588120999999997,120.8101487,4
9332357848,24.588120999999997,120.8101487,4
10212390997,24.568755,120.82067079999999,4
10579834641,24.565409,120.82014,4
10223007542,24.532092000000002,120.8173476,4
9312413649,24.563123,120.82158570000001,4
9329636555,24.589366000000002,120.8035183,4
9517218186,24.563123,120.82158570000001,4
9332058963,24.594499,120.819281,4
10224125078,24.537851999999997,120.81568909999999,4
10445918624,24.569415,120.82093200000001,4
9312064382,24.566245000000002,120.82113500000001,4
9319424186,24.594720000000002,120.81911170000001,4
9311773381,24.566245000000002,120.82113500000001,4
9325113531,24.594365,120.8227658,4
10579634159,24.565409,120.82014,4
9329049077,24.594499,120.819281,4
9312212399,24.563123,120.82158570000001,4
10579491512,24.565409,120.82014,4
10579333965,24.565409,120.82014,4
10218602376,24.485618,120.7908797,4
10212463055,24.396258,120.76081040000001,4
10207331297,24.388125,120.75558190000001,4
10220349482,24.38992,120.7587879,4
10213161897,24.373148,120.74822990000001,4
10211675772,24.65375,120.86853500000001,4
10223951303,24.648117000000003,120.86263419999999,4
10206890073,24.651647,120.8637963,4
10444526102,24.650151,120.86391699999999,4
10444675475,24.650988,120.865187,4
10578930228,24.405977,120.659993,4
10577480229,24.439555,120.65863999999999,4
10575933822,24.445126000000002,120.65258200000001,4
10094834901,24.402668,120.66327700000001,4
10578104678,24.428787,120.659498,4
10575891938,24.438736,120.649615,4
10580180187,24.409913,120.65350600000001,4
10580332188,24.473159,120.667899,4
10577177370,24.470473000000002,120.672458,4
10577396215,24.469934,120.67533,4
10580295975,24.471408,120.66859,4
10576857339,24.444364999999998,120.69100800000001,4
10580444917,24.482238,120.674668,4
10219731149,24.712412,120.90241470000001,4
10209655424,24.709989999999998,120.885272,4
9327231083,24.709989999999998,120.8787489,4
9327125735,24.713745,120.9179521,4
9328467240,24.709629,120.92464050000001,4
9327334104,24.706246,120.8679342,4
10207825377,24.7188,120.9047632,4
10208135852,24.72834,120.913172,4
10221266688,24.719583,120.87367009999998,4
9324839958,24.707048999999998,120.92384140000001,4
10208491026,24.722856,120.90479440000001,4
10206447388,24.681199,120.8750787,4
10210730756,24.716905999999998,120.87692179999999,4
10445494736,24.700633,120.876677,4
9328759068,24.70749,120.9211063,4
10581334124,24.716718,120.87334299999999,4
10210406114,24.711245,120.90705159999999,4
10208701456,24.678859,120.8691439,4
9330069543,24.725,120.90958359999999,4
9331592384,24.698124,120.8869672,4
10209237431,24.709367999999998,120.92788700000001,4
9330143738,24.684553,120.8824241,4
9327490959,24.709723999999998,120.88158870000001,4
9514244899,24.708470000000002,120.874218,4
10220181252,24.713148,120.88021570000001,4
10210535358,24.705910999999997,120.91774299999999,4
10218481162,24.701245999999998,120.87332009999999,4
9320640617,24.672449,120.874605,4
10215044228,24.677492,120.86677549999999,4
10223459733,24.671971,120.87960790000001,4
10207513396,24.684992,120.87636709999998,4
9514588617,24.713123,120.8805943,4
9331295360,24.708745999999998,120.91434720000001,4
9330375543,24.733882,120.9068168,4
9326309846,24.708745999999998,120.89503529999999,4
9318721432,24.604364999999998,120.83012579999999,4
9327891083,24.608742000000003,120.79669479999998,4
9327982076,24.607951999999997,120.81515959999999,4
9517888395,24.600908999999998,120.81478829999999,4
9324680326,24.600908999999998,120.81478829999999,4
9517992936,24.603216,120.815526,4
9319889689,24.600908999999998,120.81478829999999,4
9319369246,24.604364999999998,120.83012579999999,4
9327673010,24.602375,120.8094441,4
9319079482,24.616242,120.79851869999999,4
9313132179,24.600908999999998,120.81478829999999,4
10168211932,24.693357000000002,120.91524840000001,4
10168688113,24.693357000000002,120.91524840000001,4
9321019320,24.673164,120.8891084,4
9496202155,24.680615,120.90230940000001,4
9326184439,24.65237,120.87900060000001,4
10208385868,24.698932,120.90447379999999,4
10581498995,24.696939999999998,120.89862,4
9513955026,24.673302,120.88906100000001,4
9321274296,24.684923,120.8857879,4
9515509835,24.682555999999998,120.89237450000002,4
9324763033,24.680982,120.9067017,4
9324953310,24.674993,120.91138600000001,4
9320598936,24.667265,120.8845886,4
9321396073,24.667265,120.8845886,4
10209336517,24.702491000000002,120.91655729999998,4
10446126461,24.676464000000003,120.88771499999999,4
9321158677,24.667265,120.8845886,4
9499080956,24.685194,120.89254679999999,4
10168538016,24.693357000000002,120.91524840000001,4
9499115472,24.677668,120.8976695,4
9514780745,24.679003,120.88454329999999,4
9515190446,24.67687,120.9026742,4
9325727405,24.639995000000003,120.8835983,4
9514482653,24.680982,120.9067017,4
9498048225,24.681033,120.9022895,4
9498237121,24.67847,120.88690729999999,4
9498811071,24.677668,120.8976695,4
10445297165,24.688835,120.909995,4
9328645885,24.702491000000002,120.91655729999998,4
9496821461,24.68158,120.88940590000001,4
9498409716,24.676851,120.89607439999999,4
9325672016,24.642495,120.88299750000002,4
10581976434,24.696939999999998,120.89862,4
9515406367,24.67687,120.9026742,4
9497499338,24.681033,120.9022895,4
9516070416,24.670935999999998,120.895495,4
9515045483,24.680846,120.8852935,4
9496421648,24.685259,120.89582109999999,4
10206633120,24.698918,120.9042396,4
10168424934,24.693357000000002,120.91524840000001,4
9320290949,24.684923,120.8857879,4
10223158156,24.694933,120.9194548,4
9319185838,24.670060999999997,120.8886653,4
9325860203,24.639995000000003,120.8835983,4
9497803462,24.67687,120.9026742,4
10582070147,24.696939999999998,120.89862,4
9325551239,24.684531,120.91202379999999,4
9499513412,24.673302,120.88906100000001,4
10209563321,24.695624,120.9193683,4
9325937483,24.64374,120.88353400000001,4
10213665948,24.696828,120.9130476,4
9499714523,24.68158,120.88940590000001,4
9312848409,24.67847,120.88690729999999,4
9326038040,24.649372,120.88304040000001,4
10213998656,24.684910000000002,120.9032256,4
9325080067,24.674993,120.91138600000001,4
9496050074,24.673302,120.88906100000001,4
10581035100,24.696939999999998,120.89862,4
9497395408,24.685194,120.89254679999999,4
9496513876,24.676851,120.89607439999999,4
9325327631,24.663116,120.88121650000001,4
9332283935,24.699991,120.89926240000001,4
9497959617,24.68437,120.89190320000002,4
9516215674,24.643117,120.88578700000001,4
9515295084,24.671871,120.8913445,4
10168391011,24.693357000000002,120.91524840000001,4
9496330226,24.683747,120.8970094,4
10221076244,24.692592,120.8880591,4
10223572628,24.690403,120.91229560000001,4
10214646965,24.684079,120.8856032,4
9326237393,24.649372,120.88304040000001,4
9496135591,24.684823,120.89154520000001,4
6864749769,24.672549,120.8860767,4
6873159689,24.411049,120.65125729999998,4
6872802610,24.709325,120.88556399999999,4
6872707501,24.677665,120.8733926,4
6877025633,24.674874,120.9010005,4
6856462228,24.693357000000002,120.91524840000001,4
9329514881,24.590356,120.81459299999999,4
10473962917,24.474771,120.786856,4
10221524735,24.499372,120.7980037,4
10213242764,24.373148,120.74822990000001,4
10433984272,24.566631,120.74216299999999,4
10225939970,24.556735,120.780271,4
10226463978,24.556735,120.780271,4
10576104608,24.439253,120.653373,4
10581199594,24.436376,120.652717,4
10224027547,24.708052,120.88342709999999,4
9320025581,24.604364999999998,120.8278513,4
9514952448,24.671871,120.8913445,4
10212985765,24.568773,120.81736809999998,4
10444747018,24.653069,120.86568999999999,4
10210804022,24.70749,120.91147179999999,4
9325480458,24.687659,120.91574399999999,4
9385202337,24.676851,120.89607439999999,4
10213540797,24.686247,120.9047341,4
9313219994,24.673164,120.8891084,4
9385387032,24.67847,120.88690729999999,4
